City_ID,City,Country,Date,Lat,Lng,Max Temp,Humidity,Cloudiness,Wind Speed,Forecast
0,Mataura,NZ,2021-04-04 21:31:03,-46.1927,168.8643,53.01,90,99,17.0,overcast clouds
1,Ambon,ID,2021-04-04 21:31:03,-3.6954,128.1814,78.8,89,40,5.75,scattered clouds
2,Hasaki,JP,2021-04-04 21:31:04,35.7333,140.8333,61.0,94,75,4.61,light rain
3,Ushuaia,AR,2021-04-04 21:26:22,-54.8,-68.3,44.6,70,75,24.16,broken clouds
4,Airai,TL,2021-04-04 21:31:04,-8.9266,125.4092,60.08,95,100,3.36,overcast clouds
5,Florianopolis,BR,2021-04-04 21:31:05,-27.6146,-48.5012,77.0,73,40,10.36,scattered clouds
6,Ballina,AU,2021-04-04 21:31:05,-28.8667,153.5667,68.0,94,75,3.44,broken clouds
7,Temiscaming,CA,2021-04-04 21:28:00,46.7212,-79.0971,53.6,37,42,8.05,scattered clouds
8,Cape Town,ZA,2021-04-04 21:26:53,-33.9258,18.4232,64.99,88,0,17.27,clear sky
9,Kavaratti,IN,2021-04-04 21:31:06,10.5669,72.642,81.99,70,45,12.8,scattered clouds
10,Cayenne,GF,2021-04-04 21:31:06,4.9333,-52.3333,80.6,89,40,8.05,scattered clouds
11,Taoudenni,ML,2021-04-04 21:31:06,22.6783,-3.9836,87.15,6,78,10.54,broken clouds
12,Carnarvon,AU,2021-04-04 21:31:07,-24.8667,113.6333,75.2,83,14,16.11,few clouds
13,Butaritari,KI,2021-04-04 21:31:07,3.0707,172.7902,82.22,79,80,16.33,broken clouds
14,Chokurdakh,RU,2021-04-04 21:31:07,70.6333,147.9167,-21.03,98,55,4.21,broken clouds
15,Natal,BR,2021-04-04 21:28:24,-5.795,-35.2094,82.4,74,20,10.36,few clouds
16,Los Llanos De Aridane,ES,2021-04-04 21:31:08,28.6585,-17.9182,66.2,63,90,2.3,overcast clouds
17,Sabang,ID,2021-04-04 21:31:08,5.8933,95.3214,82.42,73,100,12.68,overcast clouds
18,Cherskiy,RU,2021-04-04 21:31:08,68.75,161.3,-4.09,93,64,1.59,broken clouds
19,Albany,US,2021-04-04 21:29:20,42.6001,-73.9662,60.01,27,51,9.89,broken clouds
20,Petrolia,CA,2021-04-04 21:31:09,42.8668,-82.1498,59.0,46,1,11.5,clear sky
21,Norman Wells,CA,2021-04-04 21:31:09,65.282,-126.8329,23.0,54,75,16.11,broken clouds
22,Price,US,2021-04-04 21:31:10,39.5994,-110.8107,75.2,12,1,9.22,clear sky
23,Severo-Kurilsk,RU,2021-04-04 21:31:10,50.6789,156.125,29.66,82,94,14.29,overcast clouds
24,Busselton,AU,2021-04-04 21:31:10,-33.65,115.3333,61.0,91,5,1.19,clear sky
25,Hambantota,LK,2021-04-04 21:31:11,6.1241,81.1185,69.8,100,0,1.14,clear sky
26,Lisakovsk,KZ,2021-04-04 21:31:11,52.5369,62.4936,33.71,94,100,8.32,overcast clouds
27,Mitu,CO,2021-04-04 21:31:11,1.1983,-70.1733,76.78,85,100,3.22,overcast clouds
28,Antofagasta,CL,2021-04-04 21:27:11,-23.65,-70.4,69.8,60,0,13.8,clear sky
29,Hermanus,ZA,2021-04-04 21:31:12,-34.4187,19.2345,64.99,91,97,1.99,overcast clouds
30,Calvinia,ZA,2021-04-04 21:31:12,-31.4707,19.776,66.49,64,0,4.94,clear sky
31,Kristinehamn,SE,2021-04-04 21:31:12,59.3098,14.1081,42.8,81,90,19.57,overcast clouds
32,Jizan,SA,2021-04-04 21:31:13,17.3333,42.6667,82.4,74,0,5.75,clear sky
33,Saskylakh,RU,2021-04-04 21:27:18,71.9167,114.0833,-26.88,100,23,3.76,few clouds
34,Bambous Virieux,MU,2021-04-04 21:31:13,-20.3428,57.7575,81.0,77,42,7.0,scattered clouds
35,Tumut,AU,2021-04-04 21:31:13,-35.3,148.2167,51.8,100,0,1.74,clear sky
36,Almeirim,BR,2021-04-04 21:31:14,-1.5233,-52.5817,76.68,92,97,4.45,overcast clouds
37,Bengkulu,ID,2021-04-04 21:31:14,-3.8004,102.2655,76.77,83,100,9.69,light rain
38,Vaini,TO,2021-04-04 21:31:14,-21.2,-175.2,78.8,89,20,10.36,few clouds
39,Avarua,CK,2021-04-04 21:31:15,-21.2078,-159.775,84.2,79,75,19.57,light rain
40,Namibe,AO,2021-04-04 21:31:15,-15.1961,12.1522,78.85,82,88,5.44,overcast clouds
41,Itaituba,BR,2021-04-04 21:31:16,-4.2761,-55.9836,87.8,66,20,3.44,light rain
42,Tasiilaq,GL,2021-04-04 21:31:16,65.6145,-37.6368,19.4,86,75,19.57,snow
43,Tura,IN,2021-04-04 21:31:16,25.5198,90.2201,68.16,44,53,2.06,broken clouds
44,Hofn,IS,2021-04-04 21:31:16,64.2539,-15.2082,17.33,57,36,22.32,scattered clouds
45,Shiloh,US,2021-04-04 21:31:17,38.5614,-89.8973,78.8,36,1,9.22,clear sky
46,Ponta Do Sol,PT,2021-04-04 21:31:17,32.6667,-17.1,57.0,61,79,1.99,broken clouds
47,Rikitea,PF,2021-04-04 21:31:18,-23.1203,-134.9692,77.36,68,63,17.72,broken clouds
48,Hovd,MN,2021-04-04 21:31:18,48.0056,91.6419,30.31,24,12,1.83,few clouds
49,Bluff,NZ,2021-04-04 21:31:18,-46.6,168.3333,53.01,90,91,17.0,overcast clouds
50,Vestmanna,FO,2021-04-04 21:31:19,62.1564,-7.1664,24.8,63,75,35.68,light snow
51,Buchanan,LR,2021-04-04 21:31:19,5.8808,-10.0467,80.6,94,40,6.24,scattered clouds
52,Jamestown,US,2021-04-04 21:31:19,42.097,-79.2353,54.0,37,1,10.36,clear sky
53,Qaanaaq,GL,2021-04-04 21:31:20,77.484,-69.3632,-12.51,63,27,6.44,scattered clouds
54,Hithadhoo,MV,2021-04-04 21:31:20,-0.6,73.0833,83.12,75,72,17.49,broken clouds
55,Mar Del Plata,AR,2021-04-04 21:31:20,-38.0023,-57.5575,69.01,94,0,14.97,clear sky
56,Tuktoyaktuk,CA,2021-04-04 21:31:21,69.4541,-133.0374,-0.4,85,90,17.27,snow
57,Faanui,PF,2021-04-04 21:31:21,-16.4833,-151.75,82.09,75,19,10.29,few clouds
58,Bredasdorp,ZA,2021-04-04 21:31:22,-34.5322,20.0403,64.4,88,100,6.91,light rain
59,Peniche,PT,2021-04-04 21:31:22,39.3558,-9.3811,57.99,87,0,8.37,clear sky
60,Victoria,HK,2021-04-04 21:27:56,22.2855,114.1577,72.0,91,100,1.01,overcast clouds
61,Chuy,UY,2021-04-04 21:31:22,-33.6971,-53.4616,68.68,85,12,11.83,few clouds
62,Luis Correia,BR,2021-04-04 21:31:23,-2.8792,-41.6669,80.15,82,96,13.8,overcast clouds
63,Nikolskoye,RU,2021-04-04 21:31:23,59.7035,30.7861,39.0,81,0,6.71,clear sky
64,Mount Gambier,AU,2021-04-04 21:31:23,-37.8333,140.7667,57.2,67,80,10.36,broken clouds
65,Hobart,AU,2021-04-04 21:31:24,-42.8794,147.3294,55.99,71,40,5.75,scattered clouds
66,Pandan,PH,2021-04-04 21:31:24,14.0453,124.1694,79.79,72,97,7.23,overcast clouds
67,Concepcion Del Oro,MX,2021-04-04 21:31:24,24.6333,-101.4167,75.2,17,83,8.86,broken clouds
68,Mehamn,NO,2021-04-04 21:26:30,71.0357,27.8492,33.04,97,100,5.84,light snow
69,Hilo,US,2021-04-04 21:31:25,19.7297,-155.09,78.8,61,90,3.44,overcast clouds
70,Tazovskiy,RU,2021-04-04 21:31:25,67.4667,78.7,31.26,98,100,7.96,light snow
71,Dasoguz,TM,2021-04-04 21:31:25,41.8363,59.9666,48.2,71,0,9.22,clear sky
72,Ahipara,NZ,2021-04-04 21:31:26,-35.1667,173.1667,66.78,67,94,5.57,overcast clouds
73,Vao,NC,2021-04-04 21:31:26,-22.6667,167.4833,76.19,62,3,20.96,clear sky
74,Saint-Pierre,RE,2021-04-04 21:26:27,-21.3393,55.4781,77.0,78,0,6.91,clear sky
75,Upernavik,GL,2021-04-04 21:31:27,72.7868,-56.1549,-11.69,89,36,11.97,scattered clouds
76,Guiratinga,BR,2021-04-04 21:31:27,-16.3494,-53.7583,77.56,71,55,7.14,broken clouds
77,Arraial Do Cabo,BR,2021-04-04 21:31:27,-22.9661,-42.0278,77.0,78,40,4.61,scattered clouds
78,Pedernales,DO,2021-04-04 21:31:27,18.0384,-71.744,79.32,72,29,3.44,scattered clouds
79,Orzhytsya,UA,2021-04-04 21:31:28,49.7918,32.7012,39.4,79,38,4.85,scattered clouds
80,Bainbridge,US,2021-04-04 21:30:40,47.6262,-122.5212,48.2,49,90,9.22,overcast clouds
81,Vestmannaeyjar,IS,2021-04-04 21:31:28,63.4427,-20.2734,20.97,51,9,22.06,clear sky
82,Niny,RU,2021-04-04 21:31:29,44.4878,43.9489,49.39,73,100,4.61,overcast clouds
83,Port Elizabeth,ZA,2021-04-04 21:31:29,-33.918,25.5701,66.2,88,90,10.36,overcast clouds
84,Longyearbyen,SJ,2021-04-04 21:31:29,78.2186,15.6401,24.8,63,75,26.46,broken clouds
85,Dunedin,NZ,2021-04-04 21:31:30,-45.8742,170.5036,64.99,48,14,20.0,few clouds
86,College,US,2021-04-04 21:31:30,64.8569,-147.8028,34.0,64,90,13.8,light rain
87,Port Alfred,ZA,2021-04-04 21:31:30,-33.5906,26.891,68.56,81,63,12.55,broken clouds
88,Port Lincoln,AU,2021-04-04 21:31:31,-34.7333,135.8667,62.69,80,0,12.06,light rain
89,Camacha,PT,2021-04-04 21:31:31,33.0833,-16.3333,60.8,72,20,2.3,few clouds
90,Shingu,JP,2021-04-04 21:31:31,33.7333,135.9833,55.38,89,100,8.41,overcast clouds
91,Naro,IT,2021-04-04 21:31:32,37.2935,13.7936,55.0,89,90,1.01,overcast clouds
92,Morgantown,US,2021-04-04 21:30:03,39.6295,-79.9559,69.8,21,1,9.22,clear sky
93,Ugoofaaru,MV,2021-04-04 21:31:32,5.6667,73.0,83.82,67,72,12.86,broken clouds
94,Talara,PE,2021-04-04 21:31:32,-4.5772,-81.2719,87.8,48,0,12.66,clear sky
95,Horta,PT,2021-04-04 21:31:33,38.5333,-28.6333,60.8,94,75,17.27,broken clouds
96,Opochka,RU,2021-04-04 21:31:33,56.7105,28.6617,35.31,78,52,11.34,broken clouds
97,Saint-Denis,FR,2021-04-04 21:31:34,48.9167,2.3333,46.99,75,0,5.39,clear sky
98,Axim,GH,2021-04-04 21:31:34,4.8699,-2.2405,78.8,88,27,3.87,moderate rain
99,Princeton,US,2021-04-04 21:31:34,25.5384,-80.4089,75.2,43,20,14.97,few clouds
100,Bandarbeyla,SO,2021-04-04 21:31:35,9.4942,50.8122,77.92,79,50,2.08,scattered clouds
101,Yuanping,CN,2021-04-04 21:31:35,38.7153,112.7575,47.03,50,100,1.12,light rain
102,Hamilton,US,2021-04-04 21:30:07,39.1834,-84.5333,73.99,28,1,5.75,clear sky
103,New Norfolk,AU,2021-04-04 21:31:35,-42.7826,147.0587,55.99,67,65,1.99,broken clouds
104,Kichera,RU,2021-04-04 21:31:36,55.9375,110.0997,18.45,94,93,3.38,overcast clouds
105,Genhe,CN,2021-04-04 21:31:36,50.7833,121.5167,28.83,90,97,5.17,overcast clouds
106,Superior,US,2021-04-04 21:29:02,46.7208,-92.1041,61.0,53,1,9.22,clear sky
107,Hare Bay,CA,2021-04-04 21:31:37,48.8499,-54.0148,41.0,93,100,1.14,overcast clouds
108,Punta Arenas,CL,2021-04-04 21:31:37,-53.15,-70.9167,46.4,61,40,19.57,scattered clouds
109,Grammichele,IT,2021-04-04 21:31:37,37.2123,14.6397,55.4,88,75,2.3,broken clouds
110,Iqaluit,CA,2021-04-04 21:31:38,63.7506,-68.5145,8.6,78,20,2.3,few clouds
111,Buin,CL,2021-04-04 21:31:38,-33.7333,-70.75,72.0,55,74,4.61,broken clouds
112,Bethel,US,2021-04-04 21:31:38,41.3712,-73.414,60.8,25,1,13.8,clear sky
113,Nome,US,2021-04-04 21:31:39,64.5011,-165.4064,0.0,71,90,23.02,heavy snow
114,Maiduguri,NG,2021-04-04 21:31:39,11.8464,13.1603,82.6,12,35,9.13,scattered clouds
115,Aklavik,CA,2021-04-04 21:31:40,68.2191,-135.0107,14.0,67,100,5.75,overcast clouds
116,Moindou,NC,2021-04-04 21:31:40,-21.6924,165.677,75.2,73,0,6.91,clear sky
117,Sinnamary,GF,2021-04-04 21:31:40,5.3833,-52.95,77.67,88,100,9.51,overcast clouds
118,Gari,RU,2021-04-04 21:31:41,59.4307,62.3497,33.6,99,100,3.09,overcast clouds
119,Pevek,RU,2021-04-04 21:31:41,69.7008,170.3133,-9.22,94,97,9.33,overcast clouds
120,Castro,BR,2021-04-04 21:31:41,-24.7911,-50.0119,59.95,90,39,6.33,scattered clouds
121,Nanakuli,US,2021-04-04 21:31:41,21.3906,-158.1547,78.8,57,20,12.66,few clouds
122,Savannah Bight,HN,2021-04-04 21:31:42,16.45,-85.85,79.0,78,75,3.44,broken clouds
123,Jacareacanga,BR,2021-04-04 21:31:42,-6.2222,-57.7528,80.49,75,100,2.35,light rain
124,San Patricio,US,2021-04-04 21:31:42,28.017,-97.5169,75.2,60,75,13.8,broken clouds
125,West Bay,KY,2021-04-04 21:27:13,19.3667,-81.4167,82.4,61,75,18.41,broken clouds
126,Lazo,RU,2021-04-04 21:31:43,43.3817,133.9014,36.72,41,0,2.66,clear sky
127,Lighthouse Point,US,2021-04-04 21:26:51,26.2756,-80.0873,75.0,43,20,11.5,few clouds
128,Aksarka,RU,2021-04-04 21:31:44,66.5606,67.7975,28.98,98,100,5.93,light snow
129,Boa Vista,BR,2021-04-04 21:31:44,2.8197,-60.6733,80.6,83,90,11.5,moderate rain
130,Savonlinna,FI,2021-04-04 21:31:44,61.8699,28.88,37.4,60,0,17.27,clear sky
131,Broome,US,2021-04-04 21:31:45,42.2506,-75.833,55.99,37,75,14.97,broken clouds
132,Coahuayana,MX,2021-04-04 21:27:00,18.7333,-103.6833,84.2,45,40,9.22,scattered clouds
133,Georgetown,MY,2021-04-04 21:30:13,5.4112,100.3354,84.0,89,20,3.67,few clouds
134,Geraldton,AU,2021-04-04 21:31:46,-28.7667,114.6,69.8,88,40,5.75,scattered clouds
135,Alice Springs,AU,2021-04-04 21:31:46,-23.7,133.8833,57.2,72,0,5.75,clear sky
136,Salalah,OM,2021-04-04 21:31:46,17.0151,54.0924,80.6,78,0,4.61,clear sky
137,Namatanai,PG,2021-04-04 21:31:46,-3.6667,152.4333,79.45,81,91,3.51,overcast clouds
138,Brookhaven,US,2021-04-04 21:31:47,31.5791,-90.4407,73.4,35,1,9.22,clear sky
139,San,ML,2021-04-04 21:30:02,13.3034,-4.8956,90.09,6,9,9.1,clear sky
140,Clyde River,CA,2021-04-04 21:31:47,70.4692,-68.5914,-11.2,77,1,9.22,clear sky
141,Pangnirtung,CA,2021-04-04 21:31:48,66.1451,-65.7125,10.4,67,20,5.75,few clouds
142,Puerto Ayora,EC,2021-04-04 21:31:48,-0.7393,-90.3518,84.2,70,20,13.8,few clouds
143,Vardo,NO,2021-04-04 21:31:48,70.3705,31.1107,36.5,88,100,17.74,overcast clouds
144,Surt,LY,2021-04-04 21:31:49,31.2089,16.5887,68.68,58,86,5.68,overcast clouds
145,Coquimbo,CL,2021-04-04 21:29:28,-29.9533,-71.3436,66.2,59,20,9.22,few clouds
146,Maihar,IN,2021-04-04 21:31:49,24.2667,80.75,77.43,8,0,2.62,clear sky
147,Zhezkazgan,KZ,2021-04-04 21:31:49,47.8043,67.7144,37.72,95,100,13.82,overcast clouds
148,Buckeye,US,2021-04-04 21:31:50,33.3703,-112.5838,100.99,6,9,7.61,clear sky
149,Neuquen,AR,2021-04-04 21:30:22,-38.9516,-68.0591,87.8,35,20,8.05,few clouds
150,Koygorodok,RU,2021-04-04 21:31:50,60.445,50.9968,22.28,99,71,2.44,broken clouds
151,Matata,NZ,2021-04-04 21:31:50,-37.8833,176.75,70.0,57,50,1.01,scattered clouds
152,Palmer,US,2021-04-04 21:31:48,42.1584,-72.3287,59.0,23,1,18.41,clear sky
153,Nova Soure,BR,2021-04-04 21:31:51,-11.2333,-38.4833,78.44,60,33,16.91,scattered clouds
154,Lethem,GY,2021-04-04 21:31:51,3.3803,-59.7968,87.8,66,20,11.5,moderate rain
155,Puerto Leguizamo,CO,2021-04-04 21:31:52,-0.1934,-74.7819,72.28,98,100,2.73,overcast clouds
156,San Ramon,US,2021-04-04 21:27:38,37.7799,-121.978,66.99,45,1,6.91,clear sky
157,Venado Tuerto,AR,2021-04-04 21:31:52,-33.7456,-61.9688,82.99,63,15,4.0,light rain
158,Cabo San Lucas,MX,2021-04-04 21:29:11,22.8909,-109.9124,91.4,19,1,24.16,clear sky
159,Kankan,GN,2021-04-04 21:31:53,10.3854,-9.3057,88.39,21,52,4.16,broken clouds
160,Raudeberg,NO,2021-04-04 21:31:53,61.9875,5.1352,28.99,78,100,23.47,light snow
161,Ossora,RU,2021-04-04 21:31:53,59.2353,163.0719,18.55,89,100,24.25,light snow
162,Muroto,JP,2021-04-04 21:31:54,33.2833,134.15,57.2,62,75,21.85,broken clouds
163,Ermelo,ZA,2021-04-04 21:31:54,-26.5333,29.9833,52.41,62,0,2.26,clear sky
164,Prince Rupert,CA,2021-04-04 21:31:54,54.3161,-130.3201,42.8,70,90,5.75,overcast clouds
165,Vallenar,CL,2021-04-04 21:31:55,-28.5708,-70.7581,75.02,42,74,7.23,broken clouds
166,Parrita,CR,2021-04-04 21:31:55,9.5201,-84.3225,80.6,57,20,20.71,few clouds
167,San Cristobal,VE,2021-04-04 21:31:55,7.7669,-72.225,82.4,69,40,10.36,scattered clouds
168,Bud,US,2021-04-04 21:31:56,39.447,-86.1758,73.99,33,1,8.46,clear sky
169,Dikson,RU,2021-04-04 21:31:56,73.5069,80.5464,5.77,90,99,6.4,overcast clouds
170,Inuvik,CA,2021-04-04 21:31:56,68.3499,-133.7218,14.0,67,100,5.75,light snow
171,Khatanga,RU,2021-04-04 21:31:57,71.9667,102.5,-11.47,85,10,9.28,clear sky
172,Yanam,IN,2021-04-04 21:31:57,16.7333,82.2167,76.35,96,75,3.13,broken clouds
173,Saldanha,ZA,2021-04-04 21:31:58,-33.0117,17.9442,64.4,88,11,6.91,few clouds
174,Sao Filipe,CV,2021-04-04 21:26:59,14.8961,-24.4956,74.37,71,11,8.37,few clouds
175,Kalmar,SE,2021-04-04 21:31:58,56.6616,16.3616,44.6,70,100,17.27,overcast clouds
176,Mao,ES,2021-04-04 21:31:58,39.8885,4.2658,53.6,94,20,6.91,few clouds
177,Bereda,ES,2021-04-04 21:31:59,43.2686,-7.5406,44.01,98,15,8.01,few clouds
178,Okhotsk,RU,2021-04-04 21:31:59,59.3833,143.3,20.79,93,100,3.65,light snow
179,Canakkale,TR,2021-04-04 21:31:59,40.0833,26.8333,51.8,82,75,12.66,light rain
180,Atuona,PF,2021-04-04 21:30:55,-9.8,-139.0333,80.87,79,69,9.95,broken clouds
181,Alugan,PH,2021-04-04 21:32:00,12.2188,125.4808,80.65,68,100,10.58,overcast clouds
182,Fairbanks,US,2021-04-04 21:32:00,64.8378,-147.7164,34.0,80,75,14.97,light rain
183,Karratha,AU,2021-04-04 21:32:00,-20.7377,116.8463,80.73,46,7,6.22,clear sky
184,Neiafu,TO,2021-04-04 21:32:01,-18.65,-173.9833,78.8,89,75,4.61,broken clouds
185,Eucaliptus,BO,2021-04-04 21:32:01,-17.5833,-67.5167,53.37,51,100,9.22,overcast clouds
186,Perbaungan,ID,2021-04-04 21:32:02,3.5679,98.956,78.8,100,40,4.59,haze
187,Dongying,CN,2021-04-04 21:32:02,37.4564,118.4856,47.35,36,2,4.97,clear sky
188,Berlevag,NO,2021-04-04 21:32:02,70.8578,29.0864,34.99,97,100,9.4,light snow
189,Provideniya,RU,2021-04-04 21:32:03,64.3833,-173.3,5.0,61,0,4.45,clear sky
190,Ulaanbaatar,MN,2021-04-04 21:32:03,47.9077,106.8832,21.2,73,0,2.59,clear sky
191,Neyshabur,IR,2021-04-04 21:32:03,36.2133,58.7958,47.5,60,4,0.76,clear sky
192,Talcahuano,CL,2021-04-04 21:32:04,-36.7167,-73.1167,59.0,77,75,11.5,broken clouds
193,Marawi,PH,2021-04-04 21:32:04,7.9986,124.2928,67.17,95,100,0.49,overcast clouds
194,Vila Velha,BR,2021-04-04 21:32:05,-20.3297,-40.2925,78.8,73,40,12.66,scattered clouds
195,Torbat-E Jam,IR,2021-04-04 21:32:05,35.244,60.6225,47.5,70,54,2.98,broken clouds
196,Saint Anthony,US,2021-04-04 21:32:05,45.0205,-93.218,77.0,23,1,6.91,clear sky
197,Gualaquiza,EC,2021-04-04 21:32:06,-3.4,-78.55,65.68,98,100,1.07,light rain
198,Olafsvik,IS,2021-04-04 21:32:06,64.8945,-23.7142,19.76,52,100,12.35,overcast clouds
199,Carlisle,US,2021-04-04 21:32:06,40.2015,-77.1889,71.6,17,1,10.36,clear sky
200,Teplyk,UA,2021-04-04 21:32:07,48.6657,29.745,37.33,76,13,6.26,few clouds
201,Kapaa,US,2021-04-04 21:32:07,22.0752,-159.319,78.8,53,75,17.27,broken clouds
202,Tamiahua,MX,2021-04-04 21:32:07,21.2667,-97.45,77.0,50,66,12.3,broken clouds
203,Lata,PT,2021-04-04 21:32:08,40.1629,-8.3327,54.0,69,0,1.01,clear sky
204,Minab,IR,2021-04-04 21:32:08,27.1467,57.0801,77.0,73,44,6.91,haze
205,Viransehir,TR,2021-04-04 21:32:08,37.2353,39.7631,49.1,70,39,3.6,scattered clouds
206,Katsuura,JP,2021-04-04 21:32:09,35.1333,140.3,66.2,94,75,5.75,mist
207,Mackenzie,CA,2021-04-04 21:32:09,55.2999,-123.1698,41.0,56,20,2.3,few clouds
208,Tokur,RU,2021-04-04 21:32:09,53.1333,132.9,16.38,94,100,2.71,overcast clouds
209,Necochea,AR,2021-04-04 21:32:10,-38.5473,-58.7368,75.99,50,11,8.01,few clouds
210,Ribeira Grande,PT,2021-04-04 21:32:10,38.5167,-28.7,60.8,94,75,17.27,broken clouds
211,Ancud,CL,2021-04-04 21:32:11,-41.8697,-73.8203,63.0,72,0,10.36,clear sky
212,Nurota,UZ,2021-04-04 21:32:11,40.5614,65.6886,44.6,76,40,92.07,scattered clouds
213,Santa Vitoria Do Palmar,BR,2021-04-04 21:32:11,-33.5189,-53.3681,68.86,84,11,12.26,few clouds
214,Kodiak,US,2021-04-04 21:32:12,57.79,-152.4072,51.8,46,1,18.41,clear sky
215,Lucapa,AO,2021-04-04 21:32:12,-8.4192,20.7447,66.04,96,100,3.96,light rain
216,Skibbereen,IE,2021-04-04 21:32:12,51.55,-9.2667,44.6,76,75,17.27,broken clouds
217,Lavrentiya,RU,2021-04-04 21:32:13,65.5833,-171.0,1.51,74,23,7.23,few clouds
218,Goryachegorsk,RU,2021-04-04 21:32:13,55.4053,88.9154,26.64,88,77,4.76,broken clouds
219,Kelo,TD,2021-04-04 21:32:14,9.3086,15.8066,90.61,21,9,3.29,clear sky
220,Bathsheba,BB,2021-04-04 21:32:14,13.2167,-59.5167,82.4,57,20,12.66,few clouds
221,Naryan-Mar,RU,2021-04-04 21:32:14,67.6713,53.087,12.9,94,19,8.32,few clouds
222,Srednekolymsk,RU,2021-04-04 21:32:14,67.45,153.6833,-0.4,93,90,7.9,overcast clouds
223,Quatre Cocos,MU,2021-04-04 21:32:15,-20.2078,57.7625,81.0,77,43,7.0,light rain
224,Dudinka,RU,2021-04-04 21:32:15,69.4058,86.1778,12.97,90,100,10.71,overcast clouds
225,Kaseda,JP,2021-04-04 21:32:16,31.4167,130.3167,50.0,93,40,6.91,scattered clouds
226,Sibu,MY,2021-04-04 21:32:16,2.3,111.8167,78.8,94,40,3.44,scattered clouds
227,Nuuk,GL,2021-04-04 21:30:25,64.1835,-51.7216,35.01,93,100,47.0,snow
228,Waverley,ZA,2021-04-04 21:32:17,-25.7023,28.2591,60.01,94,0,1.14,clear sky
229,Mae Sai,TH,2021-04-04 21:32:17,20.4335,99.8762,69.8,100,40,5.75,mist
230,Ondangwa,NA,2021-04-04 21:32:18,-17.9167,15.95,71.6,73,30,2.3,scattered clouds
231,Kimberley,ZA,2021-04-04 21:30:20,-28.7323,24.7623,59.0,77,0,4.61,clear sky
232,Eydhafushi,MV,2021-04-04 21:32:18,5.1033,73.0708,83.97,70,38,14.14,scattered clouds
233,Lagoa,PT,2021-04-04 21:32:18,39.05,-27.9833,60.08,82,99,16.8,overcast clouds
234,Thinadhoo,MV,2021-04-04 21:32:19,0.5333,72.9333,82.92,76,25,16.49,scattered clouds
235,Flin Flon,CA,2021-04-04 21:30:19,54.7682,-101.865,44.6,39,90,9.22,overcast clouds
236,Tocopilla,CL,2021-04-04 21:32:19,-22.092,-70.1979,71.64,66,86,7.63,overcast clouds
237,Constitucion,CL,2021-04-04 21:32:20,-35.3333,-72.4167,59.38,79,12,6.55,few clouds
238,Cefalu,IT,2021-04-04 21:32:20,38.0386,14.0229,57.99,83,95,1.01,overcast clouds
239,Warragul,AU,2021-04-04 21:32:20,-38.1667,145.9333,57.0,76,100,1.99,overcast clouds
240,Lebu,CL,2021-04-04 21:32:20,-37.6167,-73.65,58.24,75,34,11.86,scattered clouds
241,Tuatapere,NZ,2021-04-04 21:32:21,-46.1333,167.6833,53.01,90,97,17.0,overcast clouds
242,Basco,PH,2021-04-04 21:32:21,20.4487,121.9702,77.04,78,97,27.47,overcast clouds
243,Menongue,AO,2021-04-04 21:32:21,-14.6585,17.691,61.83,71,19,4.05,few clouds
244,Antalaha,MG,2021-04-04 21:32:22,-14.9003,50.2788,75.13,90,71,4.38,broken clouds
245,Asau,RO,2021-04-04 21:32:22,46.4333,26.4,32.0,63,67,3.47,light snow
246,Westport,US,2021-04-04 21:30:58,41.1415,-73.3579,61.0,25,1,12.66,clear sky
247,Thompson,CA,2021-04-04 21:32:22,55.7435,-97.8558,42.8,31,75,6.91,broken clouds
248,Mumbwa,ZM,2021-04-04 21:32:23,-14.9783,27.0619,60.85,87,0,4.56,clear sky
249,Kasama,ZM,2021-04-04 21:32:23,-10.2129,31.1808,60.49,98,38,4.0,scattered clouds
250,East London,ZA,2021-04-04 21:32:23,-33.0153,27.9116,66.74,74,5,12.8,clear sky
251,Atambua,ID,2021-04-04 21:32:24,-9.1061,124.8925,73.09,89,100,8.84,moderate rain
252,Bonthe,SL,2021-04-04 21:32:24,7.5264,-12.505,79.59,87,45,7.87,scattered clouds
253,Beringovskiy,RU,2021-04-04 21:32:24,63.05,179.3167,2.75,80,31,4.25,scattered clouds
254,Te Anau,NZ,2021-04-04 21:32:25,-45.4167,167.7167,54.82,75,94,8.25,overcast clouds
255,Rio Grande,BR,2021-04-04 21:32:25,-32.035,-52.0986,78.8,69,40,20.71,scattered clouds
256,Grindavik,IS,2021-04-04 21:32:25,63.8424,-22.4338,17.6,53,75,13.8,broken clouds
257,Hohhot,CN,2021-04-04 21:32:26,40.8106,111.6522,39.2,41,20,8.95,light rain
258,Boguchany,RU,2021-04-04 21:32:26,58.3814,97.4531,28.49,98,100,2.75,overcast clouds
259,Colquechaca,BO,2021-04-04 21:32:26,-18.6667,-66.0167,38.32,69,72,6.31,broken clouds
260,Tual,ID,2021-04-04 21:32:26,-5.6667,132.75,83.57,70,80,4.76,broken clouds
261,Rawson,AR,2021-04-04 21:32:27,-43.3002,-65.1023,82.51,32,12,23.31,few clouds
262,Celestun,MX,2021-04-04 21:32:27,20.8667,-90.4,79.09,59,24,22.64,few clouds
263,Tupik,RU,2021-04-04 21:32:28,54.4253,119.9327,12.7,92,29,3.2,scattered clouds
264,Hispania,CO,2021-04-04 21:31:19,5.7993,-75.9072,71.6,60,40,6.91,light rain
265,Wanlaweyn,SO,2021-04-04 21:32:28,2.6185,44.8938,81.07,74,85,6.53,overcast clouds
266,Unhel,IN,2021-04-04 21:29:28,23.3333,75.5667,80.62,13,0,5.46,clear sky
267,Kloulklubed,PW,2021-04-04 21:32:28,7.0419,134.2556,77.0,94,75,4.81,broken clouds
268,Korla,CN,2021-04-04 21:32:29,41.7597,86.1469,48.02,32,29,11.9,scattered clouds
269,Caravelas,BR,2021-04-04 21:32:29,-17.7125,-39.2481,77.25,76,54,7.72,broken clouds
270,Kholodnyy,RU,2021-04-04 21:32:30,62.7167,147.95,1.09,84,100,4.43,overcast clouds
271,Mandan,US,2021-04-04 21:32:30,46.8267,-100.8896,75.2,20,1,18.41,clear sky
272,Omboue,GA,2021-04-04 21:32:30,-1.5746,9.2618,78.49,90,100,6.06,light rain
273,Eureka,US,2021-04-04 21:32:31,40.8021,-124.1637,55.0,67,97,5.99,overcast clouds
274,Acapulco,MX,2021-04-04 21:32:31,16.8634,-99.8901,86.0,66,1,11.5,clear sky
275,Preston,GB,2021-04-04 21:29:54,53.7667,-2.7167,48.2,87,75,19.57,broken clouds
276,Burnie,AU,2021-04-04 21:32:32,-41.0667,145.9167,56.34,74,1,7.72,clear sky
277,Kismayo,SO,2021-04-04 21:29:27,-0.3582,42.5454,82.09,81,100,6.49,overcast clouds
278,Seddon,AU,2021-04-04 21:32:32,-37.8068,144.8916,62.01,63,90,8.05,overcast clouds
279,Neepawa,CA,2021-04-04 21:32:33,50.2289,-99.4664,59.0,26,75,12.66,broken clouds
280,Doka,SD,2021-04-04 21:32:33,13.5167,35.7667,85.71,19,12,12.91,few clouds
281,Dalvik,IS,2021-04-04 21:32:33,65.9702,-18.5286,17.6,67,90,14.97,light snow
282,Gaomi,CN,2021-04-04 21:32:34,36.3833,119.7528,48.0,70,0,2.24,clear sky
283,Suwalki,PL,2021-04-04 21:32:34,54.1118,22.9309,35.56,69,14,12.03,few clouds
284,Yendi,GH,2021-04-04 21:32:34,9.4427,-0.0099,94.42,26,40,1.72,scattered clouds
285,Talnakh,RU,2021-04-04 21:31:05,69.4865,88.3972,4.35,71,100,11.56,overcast clouds
286,Bridlington,GB,2021-04-04 21:32:35,54.0831,-0.1919,46.0,75,94,5.01,overcast clouds
287,Souillac,MU,2021-04-04 21:32:35,-20.5167,57.5167,81.0,77,45,7.0,scattered clouds
288,Barrow,US,2021-04-04 21:32:35,71.2906,-156.7887,-4.0,65,1,14.97,clear sky
289,Yulara,AU,2021-04-04 21:32:36,-25.2406,130.9889,62.6,48,0,5.75,clear sky
290,Kapoeta,SS,2021-04-04 21:32:36,4.7717,33.5903,80.13,49,93,8.01,overcast clouds
291,Kavieng,PG,2021-04-04 21:32:36,-2.5744,150.7967,79.9,79,97,5.53,light rain
292,Wahiawa,US,2021-04-04 21:32:37,21.5028,-158.0236,78.8,57,20,12.66,few clouds
293,Arlit,NE,2021-04-04 21:32:37,18.7369,7.3853,79.57,7,0,8.55,clear sky
294,Bela,IN,2021-04-04 21:32:37,25.9333,81.9833,77.27,7,14,4.59,few clouds
295,Fushun,CN,2021-04-04 21:32:38,41.8558,123.9233,35.6,48,0,2.24,clear sky
296,Esperance,AU,2021-04-04 21:32:38,-33.8667,121.9,60.8,94,17,5.75,few clouds
297,Port Macquarie,AU,2021-04-04 21:32:38,-31.4333,152.9167,66.0,100,100,3.74,overcast clouds
298,Jian,CN,2021-04-04 21:32:39,27.1172,114.9793,56.53,83,100,5.06,overcast clouds
299,Isangel,VU,2021-04-04 21:32:39,-19.55,169.2667,78.94,68,28,18.23,scattered clouds
300,Ilulissat,GL,2021-04-04 21:32:39,69.2167,-51.1,21.2,63,75,16.11,broken clouds
301,Ilheus,BR,2021-04-04 21:32:40,-14.7889,-39.0494,82.4,74,40,9.22,scattered clouds
302,Somerville,US,2021-04-04 21:32:40,42.3876,-71.0995,59.0,20,1,14.97,clear sky
303,Zhigansk,RU,2021-04-04 21:32:40,66.7697,123.3711,-18.06,99,82,5.48,broken clouds
304,Konevo,RU,2021-04-04 21:32:41,62.1215,39.3192,33.22,97,100,9.95,light snow
305,Saint-Philippe,RE,2021-04-04 21:32:41,-21.3585,55.7679,78.8,78,0,6.91,clear sky
306,Santa Barbara,US,2021-04-04 21:32:42,34.7333,-120.0343,75.99,43,1,8.05,clear sky
307,Torbay,CA,2021-04-04 21:32:42,47.6666,-52.7314,41.0,100,90,11.5,light intensity drizzle
308,Hervey Bay,AU,2021-04-04 21:32:42,-25.2986,152.8535,73.0,98,100,7.0,overcast clouds
309,Ust-Nera,RU,2021-04-04 21:32:43,64.5667,143.2,2.57,94,100,7.85,overcast clouds
310,Itaqui,BR,2021-04-04 21:32:43,-29.1253,-56.5531,75.47,68,87,5.32,overcast clouds
311,Winsum,NL,2021-04-04 21:32:43,53.33,6.5208,42.01,88,99,22.82,overcast clouds
312,Loandjili,CG,2021-04-04 21:32:44,-4.7561,11.8578,80.6,89,20,1.14,few clouds
313,Vendas Novas,PT,2021-04-04 21:32:44,38.6771,-8.4579,62.01,94,0,3.44,clear sky
314,Kanganpur,PK,2021-04-04 21:32:44,30.7663,74.1231,69.19,34,37,5.99,scattered clouds
315,Zitlala,MX,2021-04-04 21:32:45,17.6333,-99.0833,79.81,21,35,0.76,scattered clouds
316,Nantucket,US,2021-04-04 21:32:45,41.2835,-70.0995,50.0,40,1,14.97,clear sky
317,Laguna,US,2021-04-04 21:32:45,38.421,-121.4238,69.01,45,1,3.51,clear sky
318,Miri,MY,2021-04-04 21:29:25,4.4148,114.0089,75.2,94,40,3.44,scattered clouds
319,Houston,US,2021-04-04 21:30:59,29.7633,-95.3633,73.99,60,40,12.66,scattered clouds
320,Yerbogachen,RU,2021-04-04 21:32:46,61.2767,108.0108,-21.21,100,95,2.48,overcast clouds
321,Alekseyevsk,RU,2021-04-04 21:32:46,57.8406,108.3492,12.11,95,100,3.89,overcast clouds
322,Effingham,US,2021-04-04 21:32:47,32.3669,-81.3332,73.99,20,1,4.61,clear sky
323,Labuan,MY,2021-04-04 21:32:47,5.2767,115.2417,75.2,100,20,15.37,few clouds
324,Nanortalik,GL,2021-04-04 21:32:48,60.1432,-45.2371,34.16,88,16,7.76,few clouds
325,Muros,ES,2021-04-04 21:32:48,42.7762,-9.0603,55.0,75,3,6.89,clear sky
326,Pisco,PE,2021-04-04 21:32:48,-13.7,-76.2167,77.0,65,0,11.5,clear sky
327,Yellowknife,CA,2021-04-04 21:32:24,62.456,-114.3525,26.01,46,1,5.75,clear sky
328,Honningsvag,NO,2021-04-04 21:32:49,70.9821,25.9704,32.76,77,100,8.99,overcast clouds
329,Porto Novo,BJ,2021-04-04 21:32:49,6.4965,2.6036,84.2,84,40,14.97,scattered clouds
330,Yarkovo,RU,2021-04-04 21:32:49,57.4028,67.0786,34.09,95,100,7.4,overcast clouds
331,Kui Buri,TH,2021-04-04 21:32:50,12.0828,99.8543,75.94,90,100,3.94,overcast clouds
332,Ponoka,CA,2021-04-04 21:32:50,52.6768,-113.5815,46.4,42,98,23.02,overcast clouds
333,Boditi,ET,2021-04-04 21:32:50,6.9667,37.8667,60.13,74,17,2.77,few clouds
334,Takoradi,GH,2021-04-04 21:32:51,4.8845,-1.7554,79.39,86,28,5.46,light rain
335,Conceicao Do Araguaia,BR,2021-04-04 21:32:51,-8.2578,-49.2647,86.0,70,0,3.44,clear sky
336,Port-Gentil,GA,2021-04-04 21:32:51,-0.7193,8.7815,82.4,89,20,9.22,light rain
337,Saint-Joseph,RE,2021-04-04 21:32:52,-21.3667,55.6167,77.0,78,0,6.91,clear sky
338,Belmonte,BR,2021-04-04 21:32:52,-15.8631,-38.8828,82.4,83,40,8.05,scattered clouds
339,Soyo,AO,2021-04-04 21:32:52,-6.1349,12.3689,80.26,80,99,4.79,overcast clouds
340,Dingle,PH,2021-04-04 21:32:53,10.9995,122.6711,74.46,87,95,6.69,overcast clouds
341,Mahebourg,MU,2021-04-04 21:32:53,-20.4081,57.7,81.0,77,37,7.0,scattered clouds
342,Moree,AU,2021-04-04 21:30:14,-29.4667,149.85,62.6,82,74,6.91,broken clouds
343,Tiksi,RU,2021-04-04 21:32:53,71.6872,128.8694,-16.22,100,100,4.45,overcast clouds
344,Skjervoy,NO,2021-04-04 21:32:54,70.0311,20.9714,30.92,76,92,7.7,overcast clouds
345,Presidencia Roque Saenz Pena,AR,2021-04-04 21:32:54,-26.7852,-60.4388,77.31,65,100,6.06,overcast clouds
346,Iracoubo,GF,2021-04-04 21:32:54,5.4802,-53.2011,77.77,87,100,9.13,overcast clouds
347,Safita,SY,2021-04-04 21:32:55,34.8205,36.1153,52.0,90,3,1.01,clear sky
348,Klaksvik,FO,2021-04-04 21:32:55,62.2266,-6.589,24.8,63,75,35.68,light snow
349,Luderitz,NA,2021-04-04 21:32:55,-26.6481,15.1594,69.87,66,0,15.59,clear sky
350,Waingapu,ID,2021-04-04 21:32:55,-9.6567,120.2641,75.6,89,100,7.83,light rain
351,Yen Bai,VN,2021-04-04 21:32:56,21.7,104.8667,71.56,96,100,0.04,overcast clouds
352,Mahibadhoo,MV,2021-04-04 21:32:56,3.7833,72.9667,83.16,75,1,11.7,clear sky
353,Ayapel,CO,2021-04-04 21:32:56,8.3137,-75.1398,83.79,75,100,1.68,overcast clouds
354,Umm Kaddadah,SD,2021-04-04 21:32:57,13.6017,26.6876,74.79,10,46,13.47,scattered clouds
355,Conde,BR,2021-04-04 21:32:57,-7.2597,-34.9075,80.6,89,40,6.91,scattered clouds
356,Banda Aceh,ID,2021-04-04 21:32:58,5.5577,95.3222,79.59,79,100,8.61,overcast clouds
357,Yurino,RU,2021-04-04 21:32:58,56.2942,46.3039,30.2,80,0,8.95,clear sky
358,Bako,ET,2021-04-04 21:32:58,5.7833,36.5667,64.92,77,46,4.03,scattered clouds
359,Progreso,MX,2021-04-04 21:28:19,21.2833,-89.6667,86.0,39,75,11.5,broken clouds
360,Santa Rosa,PH,2021-04-04 21:32:59,14.3122,121.1114,81.0,78,20,4.61,few clouds
361,Toora-Khem,RU,2021-04-04 21:32:59,52.4675,96.11,21.13,97,34,0.78,scattered clouds
362,Copacabana,CO,2021-04-04 21:32:59,6.3463,-75.5089,71.6,60,40,6.91,scattered clouds
363,Norwich,GB,2021-04-04 21:30:45,52.6278,1.2983,51.8,62,73,10.36,broken clouds
364,Dumka,IN,2021-04-04 21:33:00,24.2667,87.25,71.6,60,0,5.61,clear sky
365,Parana,AR,2021-04-04 21:33:00,-31.732,-60.5238,84.0,37,27,1.99,scattered clouds
366,Aykhal,RU,2021-04-04 21:33:00,66.0,111.5,-21.93,100,100,5.44,overcast clouds
367,Pemangkat,ID,2021-04-04 21:33:01,1.1667,108.9667,76.23,87,98,3.42,overcast clouds
368,Salisbury,GB,2021-04-04 21:33:01,51.0693,-1.7957,45.0,87,35,10.36,scattered clouds
369,Kaitangata,NZ,2021-04-04 21:33:02,-46.2817,169.8464,57.34,70,30,16.78,scattered clouds
370,Diffa,NE,2021-04-04 21:33:02,13.3154,12.6113,81.36,10,1,9.19,clear sky
371,Zaozerne,UA,2021-04-04 21:33:02,45.1582,33.2787,42.01,78,100,12.64,overcast clouds
372,Vryburg,ZA,2021-04-04 21:33:03,-26.9566,24.7284,65.59,35,0,5.57,clear sky
373,Vershino-Darasunskiy,RU,2021-04-04 21:33:03,52.35,115.5167,20.61,74,0,6.38,clear sky
374,Primorsk,UA,2021-04-04 21:33:04,46.7348,36.3443,40.08,88,100,8.08,overcast clouds
375,Port Hardy,CA,2021-04-04 21:33:04,50.6996,-127.4199,46.4,57,20,12.66,few clouds
376,La Ronge,CA,2021-04-04 21:33:04,55.1001,-105.2842,42.8,56,100,17.27,overcast clouds
377,Roma,US,2021-04-04 21:33:05,43.2128,-75.4557,57.2,33,20,14.97,few clouds
378,Leningradskiy,RU,2021-04-04 21:33:05,69.3833,178.4167,4.19,87,100,4.72,overcast clouds
379,Sitka,US,2021-04-04 21:33:05,57.0531,-135.33,39.2,100,90,8.05,light rain
380,Abalak,RU,2021-04-04 21:33:06,58.1286,68.5944,32.25,96,100,7.76,overcast clouds
381,Yatou,CN,2021-04-04 21:33:06,37.15,122.3833,42.64,50,2,5.57,clear sky
382,Sambava,MG,2021-04-04 21:33:06,-14.2667,50.1667,76.77,89,99,6.24,overcast clouds
383,Saint George,US,2021-04-04 21:33:07,37.1041,-113.5841,88.0,9,1,8.05,clear sky
384,Springfield,US,2021-04-04 21:28:09,37.2153,-93.2982,75.99,40,1,8.99,clear sky
385,Irbil,IQ,2021-04-04 21:33:07,36.1926,44.0106,50.0,57,0,1.14,clear sky
386,Keti Bandar,PK,2021-04-04 21:33:07,24.1447,67.4497,79.92,73,2,12.08,clear sky
387,Narsaq,GL,2021-04-04 21:33:08,60.9167,-46.05,39.2,81,90,3.44,overcast clouds
388,Buloh Kasap,MY,2021-04-04 21:33:08,2.5536,102.764,78.8,94,20,0.85,few clouds
389,Rosarito,MX,2021-04-04 21:33:08,32.3333,-117.0333,77.0,56,75,3.44,broken clouds
390,Yamethin,MM,2021-04-04 21:33:09,20.4333,96.15,70.66,73,99,2.08,overcast clouds
391,San Carlos De Bariloche,AR,2021-04-04 21:32:09,-41.1456,-71.3082,75.0,12,0,18.41,clear sky
392,Sakaiminato,JP,2021-04-04 21:33:09,35.55,133.2333,50.0,71,75,14.97,broken clouds
393,Puerto Madryn,AR,2021-04-04 21:33:10,-42.7692,-65.0385,80.13,41,16,22.19,few clouds
394,Smithers,CA,2021-04-04 21:33:10,54.7804,-127.1743,41.0,52,20,12.66,few clouds
395,Nkhotakota,MW,2021-04-04 21:33:10,-12.9274,34.2961,71.85,88,28,8.01,light rain
396,Fortuna,US,2021-04-04 21:33:11,40.5982,-124.1573,54.0,81,90,8.05,overcast clouds
397,Novikovo,RU,2021-04-04 21:33:11,51.1537,37.8879,37.44,78,9,2.28,clear sky
398,Barranca,PE,2021-04-04 21:33:11,-10.75,-77.7667,73.63,71,49,7.85,scattered clouds
399,Rongcheng,CN,2021-04-04 21:33:11,30.634,117.8517,47.16,63,97,4.61,overcast clouds
400,Samarai,PG,2021-04-04 21:33:12,-10.6167,150.6667,83.21,78,54,8.81,broken clouds
401,Evensk,RU,2021-04-04 21:33:12,61.95,159.2333,13.59,53,100,27.63,overcast clouds
402,Jalu,LY,2021-04-04 21:33:12,29.0331,21.5482,71.06,11,0,11.77,clear sky
403,San Juan De La Maguana,DO,2021-04-04 21:33:13,18.8059,-71.2299,82.4,89,40,20.71,scattered clouds
404,Tautira,PF,2021-04-04 21:33:13,-17.7333,-149.15,84.2,70,40,8.05,scattered clouds
405,Ha Tinh,VN,2021-04-04 21:33:14,18.3333,105.9,72.66,94,89,3.78,overcast clouds
406,Avera,US,2021-04-04 21:33:14,33.194,-82.5271,73.4,20,1,9.22,clear sky
407,Naze,JP,2021-04-04 21:33:14,28.3667,129.4833,62.13,76,89,19.95,overcast clouds
408,Ranot,TH,2021-04-04 21:33:15,7.7777,100.3213,79.72,81,94,3.65,light rain
409,Sarakhs,IR,2021-04-04 21:33:15,36.5449,61.1577,53.6,82,15,4.61,few clouds
410,Vieux-Habitants,GP,2021-04-04 21:33:15,16.0589,-61.7659,80.6,65,20,12.66,few clouds
411,Araouane,ML,2021-04-04 21:33:16,18.9048,-3.5265,83.91,7,60,1.59,broken clouds
412,Saint-Augustin,CA,2021-04-04 21:33:16,51.226,-58.6502,36.16,99,100,18.7,overcast clouds
413,Kahului,US,2021-04-04 21:33:16,20.8947,-156.47,75.2,88,40,19.57,light rain
414,Sudak,UA,2021-04-04 21:33:17,44.85,34.9667,44.08,87,100,7.72,overcast clouds
415,Saravena,CO,2021-04-04 21:33:17,6.9538,-71.8752,84.2,58,97,2.19,overcast clouds
416,Katherine,AU,2021-04-04 21:33:17,-14.4667,132.2667,64.4,88,24,5.75,few clouds
417,Varhaug,NO,2021-04-04 21:33:18,58.6147,5.6457,30.99,97,99,7.0,overcast clouds
418,Saint-Francois,FR,2021-04-04 21:33:18,46.4154,3.9054,44.01,63,6,1.01,clear sky
419,Marystown,CA,2021-04-04 21:30:11,47.1666,-55.1483,43.57,91,100,18.48,overcast clouds
420,Kununurra,AU,2021-04-04 21:33:19,-15.7667,128.7333,69.8,94,12,3.44,few clouds
421,Manaus,BR,2021-04-04 21:30:53,-3.1019,-60.025,86.0,74,40,6.91,scattered clouds
422,Lorengau,PG,2021-04-04 21:33:19,-2.0226,147.2712,80.96,79,100,2.86,overcast clouds
423,Naduvattam,IN,2021-04-04 21:33:20,11.4833,76.5667,58.1,66,100,2.51,overcast clouds
424,Sept-Iles,CA,2021-04-04 21:30:11,50.2001,-66.3821,32.0,100,90,6.91,light snow
425,Lompoc,US,2021-04-04 21:33:20,34.6391,-120.4579,64.4,52,75,16.11,broken clouds
426,Gushikawa,JP,2021-04-04 21:33:20,26.3544,127.8686,64.4,63,90,14.97,overcast clouds
427,Ostrovnoy,RU,2021-04-04 21:33:21,68.0531,39.5131,32.9,91,100,15.99,overcast clouds
428,Edgewater,US,2021-04-04 21:30:50,28.9889,-80.9023,71.01,52,20,13.8,few clouds
429,Mariestad,SE,2021-04-04 21:33:21,58.7097,13.8237,41.0,87,90,20.71,overcast clouds
430,Puerto Colombia,CO,2021-04-04 21:33:22,10.9878,-74.9547,93.2,49,75,21.85,broken clouds
431,Safaga,EG,2021-04-04 21:33:22,26.7292,33.9365,69.8,16,0,9.22,clear sky
432,Laurel,US,2021-04-04 21:32:21,39.0993,-76.8483,71.6,26,40,6.91,scattered clouds
433,Kulhudhuffushi,MV,2021-04-04 21:33:22,6.6221,73.07,82.69,70,25,12.46,scattered clouds
434,Pangai,TO,2021-04-04 21:33:23,-19.8,-174.35,78.8,78,40,6.91,light rain
435,Aasiaat,GL,2021-04-04 21:33:23,68.7098,-52.8699,18.88,74,100,6.8,light snow
436,Pilar,BR,2021-04-04 21:33:24,-9.5972,-35.9567,77.0,94,40,2.3,scattered clouds
437,Powell River,CA,2021-04-04 21:32:34,49.8496,-124.5361,48.2,57,20,19.57,few clouds
438,Carnaiba,BR,2021-04-04 21:33:24,-8.7,-37.6667,76.84,76,84,14.16,broken clouds
439,Puerto Cabezas,NI,2021-04-04 21:33:24,14.0351,-83.3888,84.2,84,75,6.91,broken clouds
440,Taunggyi,MM,2021-04-04 21:33:25,20.7833,97.0333,57.27,84,100,2.84,overcast clouds
441,Jinxiang,CN,2021-04-04 21:33:25,27.4327,120.6062,54.46,80,0,6.33,clear sky
442,Bijawar,IN,2021-04-04 21:33:25,24.6333,79.5,79.47,8,5,2.26,clear sky
443,Burdur,TR,2021-04-04 21:33:25,37.7203,30.2908,48.2,93,75,11.5,light rain
444,Voh,NC,2021-04-04 21:33:26,-20.9667,164.7,77.95,70,58,8.57,broken clouds
445,Sangar,RU,2021-04-04 21:33:26,63.9242,127.4739,-17.82,99,100,1.95,overcast clouds
446,Komsomolskiy,UZ,2021-04-04 21:33:26,40.4272,71.7189,48.2,87,75,4.41,broken clouds
447,Harper,LR,2021-04-04 21:33:27,4.375,-7.7169,78.94,87,38,4.68,light rain
448,Yerofey Pavlovich,RU,2021-04-04 21:33:27,53.9667,121.9667,19.51,95,51,2.46,broken clouds
449,Gorakhpur,IN,2021-04-04 21:33:28,29.45,75.6833,77.13,18,72,7.29,broken clouds
450,Padang,ID,2021-04-04 21:32:13,-0.9492,100.3543,73.4,94,90,2.3,overcast clouds
451,Birao,CF,2021-04-04 21:33:28,10.2849,22.7882,79.21,14,4,5.68,clear sky
452,Turukhansk,RU,2021-04-04 21:33:28,65.8167,87.9833,26.98,97,100,11.61,snow
453,Tromso,NO,2021-04-04 21:33:29,69.6496,18.957,30.2,74,75,9.22,light snow
454,Spirit River,CA,2021-04-04 21:33:29,55.7833,-118.8361,44.01,52,11,5.75,few clouds
455,Saposoa,PE,2021-04-04 21:33:30,-6.934,-76.7716,80.6,83,75,4.61,broken clouds
456,Goose Creek,US,2021-04-04 21:33:30,32.981,-80.0326,73.99,23,1,6.91,clear sky
457,Nazarovo,RU,2021-04-04 21:33:30,56.0064,90.3914,22.82,94,100,4.14,overcast clouds
458,Vanavara,RU,2021-04-04 21:33:31,60.34,102.2797,6.51,94,99,5.14,overcast clouds
459,Benguela,AO,2021-04-04 21:33:31,-12.5763,13.4055,80.2,83,99,4.88,overcast clouds
460,Saryg-Sep,RU,2021-04-04 21:33:31,51.5,95.6,22.71,92,5,2.73,clear sky
461,Adrar,MR,2021-04-04 21:33:32,20.5022,-10.0711,83.71,11,100,10.63,overcast clouds
462,Griffith,US,2021-04-04 21:33:32,41.5284,-87.4237,75.99,31,1,11.5,clear sky
463,Trofors,NO,2021-04-04 21:33:32,65.5333,13.4063,30.2,86,75,2.3,broken clouds
464,Haines Junction,CA,2021-04-04 21:33:32,60.7522,-137.5108,41.0,42,100,9.22,overcast clouds
465,Yar-Sale,RU,2021-04-04 21:33:33,66.8333,70.8333,32.16,98,100,6.35,light snow
466,Sikasso,ML,2021-04-04 21:33:33,10.9167,-7.0,88.02,13,12,0.85,few clouds
467,Rio Gallegos,AR,2021-04-04 21:33:34,-51.6226,-69.2181,48.2,61,40,13.8,scattered clouds
468,Nishihara,JP,2021-04-04 21:33:34,26.1842,127.7558,66.2,63,75,20.71,broken clouds
469,Gobabis,NA,2021-04-04 21:33:34,-22.45,18.9667,72.66,35,6,9.24,clear sky
470,Potenza,IT,2021-04-04 21:33:13,40.6443,15.8086,37.99,75,17,15.99,few clouds
471,Petropavlovsk-Kamchatskiy,RU,2021-04-04 21:30:08,53.0452,158.6483,33.8,64,20,6.71,few clouds
472,Portland,US,2021-04-04 21:30:04,45.5234,-122.6762,55.99,41,75,9.22,broken clouds
473,Tilichiki,RU,2021-04-04 21:33:35,60.4667,166.1,13.73,89,100,15.52,light snow
474,Strezhevoy,RU,2021-04-04 21:33:35,60.7333,77.5889,37.4,65,0,8.95,clear sky
475,Pinawa,CA,2021-04-04 21:33:36,50.1489,-95.8811,54.81,47,100,7.9,overcast clouds
476,Colares,PT,2021-04-04 21:33:36,38.7992,-9.4469,59.0,77,0,6.91,clear sky
477,Margate,GB,2021-04-04 21:33:36,51.3813,1.3862,46.99,77,23,3.0,few clouds
478,Conceicao Da Barra,BR,2021-04-04 21:33:37,-18.5933,-39.7322,75.2,83,89,7.83,overcast clouds
479,Bhatkal,IN,2021-04-04 21:33:37,13.9667,74.5667,78.84,80,58,8.01,broken clouds
480,Shushtar,IR,2021-04-04 21:33:38,32.0455,48.8567,62.55,31,0,2.93,clear sky
481,Oslo,NO,2021-04-04 21:29:02,59.9127,10.7461,41.0,61,70,12.95,broken clouds
482,Batagay-Alyta,RU,2021-04-04 21:33:38,67.8006,130.4114,-13.16,95,100,3.56,overcast clouds
483,Comodoro Rivadavia,AR,2021-04-04 21:33:12,-45.8667,-67.5,80.6,26,0,13.8,clear sky
484,Aswan,EG,2021-04-04 21:33:39,24.0934,32.907,68.92,17,0,7.58,clear sky
485,Helena,US,2021-04-04 21:32:50,46.5927,-112.0361,71.6,17,1,13.8,clear sky
486,Bayshore Gardens,US,2021-04-04 21:33:39,27.4253,-82.5904,75.0,49,20,14.97,few clouds
487,Kargasok,RU,2021-04-04 21:33:39,59.0556,80.8572,29.5,83,100,8.01,overcast clouds
488,Bilma,NE,2021-04-04 21:33:40,18.6853,12.9164,76.24,9,0,6.78,clear sky
489,Urusha,RU,2021-04-04 21:33:40,54.05,122.9,19.09,98,87,2.55,overcast clouds
490,Nalut,LY,2021-04-04 21:33:40,30.3333,10.85,76.19,19,94,6.98,overcast clouds
491,Kalakamati,BW,2021-04-04 21:33:41,-20.5929,27.3121,63.68,77,0,8.93,clear sky
492,Gat,IL,2021-04-04 21:33:41,31.61,34.7642,59.0,74,0,5.84,clear sky
493,Cockburn Town,TC,2021-04-04 21:33:41,21.4612,-71.1419,75.2,64,75,18.41,broken clouds
494,Escanaba,US,2021-04-04 21:33:42,45.7453,-87.0646,48.2,46,1,10.36,clear sky
495,Codrington,AU,2021-04-04 21:33:42,-38.2667,141.9667,58.8,64,82,6.33,broken clouds
496,Mago,RU,2021-04-04 21:33:43,53.2514,140.1822,15.69,78,12,1.28,few clouds
497,Ambilobe,MG,2021-04-04 21:33:43,-13.2,49.05,73.58,95,72,2.73,broken clouds
498,Biaora,IN,2021-04-04 21:33:43,23.8667,76.9167,81.1,10,0,0.72,clear sky
499,Sao Felix Do Xingu,BR,2021-04-04 21:33:44,-6.6447,-51.995,76.15,91,42,2.55,scattered clouds
500,Mitsamiouli,KM,2021-04-04 21:33:44,-11.3847,43.2844,81.93,75,47,7.14,scattered clouds
501,Seminole,US,2021-04-04 21:33:44,28.7086,-81.2081,73.99,40,75,9.22,broken clouds
502,Le Vauclin,MQ,2021-04-04 21:33:45,14.5452,-60.8388,80.6,69,20,12.66,few clouds
503,Tambun,ID,2021-04-04 21:33:45,-6.2641,107.0712,82.0,89,20,3.62,haze
504,Nha Trang,VN,2021-04-04 21:33:45,12.25,109.1833,77.0,83,20,4.61,few clouds
505,Sinjar,IQ,2021-04-04 21:33:46,36.3209,41.8754,55.56,54,7,4.5,clear sky
506,Rumoi,JP,2021-04-04 21:33:46,43.9344,141.6428,35.64,58,95,5.32,overcast clouds
507,The Valley,AI,2021-04-04 21:33:46,18.217,-63.0578,84.2,65,20,11.5,few clouds
508,Noumea,NC,2021-04-04 21:33:47,-22.2763,166.4572,78.01,65,0,4.61,clear sky
509,Gazanjyk,TM,2021-04-04 21:33:47,39.2446,55.5154,56.7,47,0,6.51,clear sky
510,Bandundu,CD,2021-04-04 21:33:47,-3.3167,17.3667,73.42,94,100,5.01,light rain
511,Pacific Grove,US,2021-04-04 21:33:48,36.6177,-121.9166,60.01,58,1,12.66,clear sky
512,Fairlie,GB,2021-04-04 21:33:48,55.756,-4.8556,42.01,73,82,11.01,broken clouds
513,Sur,OM,2021-04-04 21:33:48,22.5667,59.5289,83.62,44,1,7.07,clear sky
514,Le Port,RE,2021-04-04 21:33:49,-20.9373,55.2919,78.8,83,20,12.66,few clouds
515,Havelock,US,2021-04-04 21:28:58,34.8791,-76.9013,71.6,26,1,12.66,clear sky
516,Zhangjiakou,CN,2021-04-04 21:33:49,40.81,114.8794,45.55,25,94,2.06,overcast clouds
517,Peterhead,GB,2021-04-04 21:33:49,57.5058,-1.7981,36.0,100,90,23.02,light snow
518,Roald,NO,2021-04-04 21:33:50,62.5833,6.1333,28.4,80,75,10.36,light snow
519,Zorritos,PE,2021-04-04 21:33:50,-3.6805,-80.6782,78.8,78,90,5.75,light rain
520,Kruisfontein,ZA,2021-04-04 21:33:50,-34.0033,24.7314,66.99,82,98,1.01,overcast clouds
521,Lakes Entrance,AU,2021-04-04 21:33:51,-37.8811,147.981,57.99,96,100,8.46,overcast clouds
522,Mana,GF,2021-04-04 21:33:51,5.6592,-53.7767,78.06,85,82,9.1,moderate rain
523,Kyra,RU,2021-04-04 21:33:52,49.5776,111.9753,27.64,78,13,4.99,few clouds
524,Anloga,GH,2021-04-04 21:33:52,5.7947,0.8973,84.2,84,40,12.66,scattered clouds
525,Moctezuma,MX,2021-04-04 21:33:52,29.8,-109.6667,94.98,7,0,3.76,clear sky
526,Lively,CA,2021-04-04 21:33:52,46.4334,-81.1498,55.4,22,20,6.91,few clouds
527,Wattegama,LK,2021-04-04 21:33:53,6.7989,81.4808,69.8,100,0,1.14,clear sky
528,Lauria,IT,2021-04-04 21:33:53,40.0465,15.8358,45.01,61,84,9.86,broken clouds
529,Itarema,BR,2021-04-04 21:33:53,-2.9248,-39.9167,79.03,83,99,11.68,overcast clouds
530,Huarmey,PE,2021-04-04 21:33:54,-10.0681,-78.1522,74.68,73,33,8.55,scattered clouds
531,Cap Malheureux,MU,2021-04-04 21:33:54,-19.9842,57.6142,81.0,77,8,7.0,clear sky
532,Ambulu,ID,2021-04-04 21:33:54,-8.345,113.6058,75.47,86,100,1.45,overcast clouds
533,Georgiyevka,KZ,2021-04-04 21:33:55,43.0369,74.7114,48.2,93,75,8.95,broken clouds
534,Kautokeino,NO,2021-04-04 21:33:55,69.0125,23.0412,26.04,96,100,9.1,light snow
535,Bloomfield,US,2021-04-04 21:33:56,40.8068,-74.1854,64.99,24,75,10.36,broken clouds
536,Guerrero Negro,MX,2021-04-04 21:32:10,27.9769,-114.0611,68.9,58,1,18.1,clear sky
537,Nikolayevsk-Na-Amure,RU,2021-04-04 21:33:56,53.1406,140.73,19.45,73,5,3.65,clear sky
538,Milkovo,RU,2021-04-04 21:33:56,54.7167,158.6167,25.9,72,56,4.41,broken clouds
539,High Level,CA,2021-04-04 21:33:57,58.5169,-117.136,42.8,31,40,4.61,scattered clouds
540,Kolondieba,ML,2021-04-04 21:33:57,11.0882,-6.8926,87.37,13,8,1.43,clear sky
541,Gamba,GA,2021-04-04 21:33:57,-2.65,10.0,78.67,91,100,6.38,overcast clouds
542,Porterville,US,2021-04-04 21:33:58,36.0652,-119.0168,73.0,46,1,3.44,clear sky
543,Portobelo,PA,2021-04-04 21:33:58,9.55,-79.65,84.0,71,85,11.99,overcast clouds
544,Galesong,ID,2021-04-04 21:33:59,-5.3166,119.3661,77.0,100,40,2.3,scattered clouds
545,Lahaina,US,2021-04-04 21:33:59,20.8783,-156.6825,75.2,94,40,21.85,light rain
546,Moron,AR,2021-04-04 21:33:47,-34.6534,-58.6198,75.0,69,0,4.97,clear sky
547,Sayyan,YE,2021-04-04 21:34:00,15.1718,44.3244,57.0,20,0,6.33,clear sky
548,Chernyshevskiy,RU,2021-04-04 21:34:00,63.0128,112.4714,-27.92,100,58,3.56,broken clouds
549,Cleveland,US,2021-04-04 21:30:15,41.4995,-81.6954,60.8,47,1,3.02,clear sky
550,Ngunguru,NZ,2021-04-04 21:34:00,-35.6167,174.5,63.0,87,90,6.2,overcast clouds
551,Altay,CN,2021-04-04 21:34:01,47.8667,88.1167,36.43,36,8,9.95,clear sky
552,Atar,MR,2021-04-04 21:34:01,20.5169,-13.0499,85.05,12,56,9.22,broken clouds
553,Belyy Yar,RU,2021-04-04 21:34:02,53.6039,91.3903,24.8,86,0,2.93,clear sky
554,Honiara,SB,2021-04-04 21:34:02,-9.4333,159.95,83.77,75,25,2.57,scattered clouds
555,Obernai,FR,2021-04-04 21:34:02,48.4631,7.481,43.0,65,0,2.3,clear sky
556,Barcelos,PT,2021-04-04 21:34:03,41.5388,-8.6151,62.01,76,0,3.27,clear sky
557,Fare,PF,2021-04-04 21:34:03,-16.7,-151.0167,81.54,76,11,12.21,light rain
558,Angoche,MZ,2021-04-04 21:34:03,-16.2325,39.9086,76.19,87,12,8.12,light rain
559,Shimoda,JP,2021-04-04 21:34:04,34.6667,138.95,63.0,100,75,1.14,broken clouds
560,Husavik,IS,2021-04-04 21:34:04,66.0449,-17.3389,17.6,67,90,14.97,overcast clouds
561,Freeport,US,2021-04-04 21:34:04,40.6576,-73.5832,62.6,25,1,14.97,clear sky
562,Agadez,NE,2021-04-04 21:34:04,19.75,10.25,73.4,10,99,4.27,overcast clouds
563,Sao Gabriel Da Cachoeira,BR,2021-04-04 21:34:05,-0.1303,-67.0892,75.13,96,100,2.86,moderate rain
564,Saldus,LV,2021-04-04 21:34:05,56.6636,22.4881,39.29,78,62,18.21,broken clouds
565,Eyl,SO,2021-04-04 21:34:05,7.9803,49.8164,79.72,76,15,5.64,few clouds
566,Whitehorse,CA,2021-04-04 21:34:06,60.7161,-135.0538,41.0,48,75,14.97,broken clouds
567,Sakakah,SA,2021-04-04 21:34:06,29.9697,40.2064,60.8,16,0,3.44,clear sky
568,Tiarei,PF,2021-04-04 21:34:06,-17.5333,-149.3333,84.2,70,40,8.05,scattered clouds
569,Brae,GB,2021-04-04 21:34:07,60.3964,-1.353,30.2,47,40,35.68,light snow
570,Tiznit,MA,2021-04-04 21:34:07,29.5833,-9.5,55.15,81,6,4.34,clear sky
571,Plettenberg Bay,ZA,2021-04-04 21:34:07,-34.0527,23.3716,66.72,85,100,4.99,overcast clouds
572,Kotaparh,IN,2021-04-04 21:34:08,19.15,82.35,71.94,45,1,2.68,clear sky
573,Ramnicelu,RO,2021-04-04 21:34:08,45.2833,27.5333,43.11,68,100,7.2,overcast clouds
574,Teacapan,MX,2021-04-04 21:34:08,22.55,-105.75,80.91,46,3,12.03,clear sky
575,Zhuhai,CN,2021-04-04 21:34:09,22.2769,113.5678,73.4,78,40,8.05,scattered clouds
576,Mizdah,LY,2021-04-04 21:34:09,31.4451,12.9801,70.97,35,98,13.2,overcast clouds
577,Liwale,TZ,2021-04-04 21:34:09,-9.7667,37.9333,68.2,98,45,3.62,scattered clouds
578,Clifton,US,2021-04-04 21:34:10,40.8584,-74.1638,64.99,24,75,10.36,broken clouds
579,Kawalu,ID,2021-04-04 21:34:10,-7.3817,108.2082,72.91,95,100,1.14,overcast clouds
580,Novouzensk,RU,2021-04-04 21:34:10,50.4592,48.1431,36.54,71,100,3.22,overcast clouds
581,Wanaka,NZ,2021-04-04 21:34:11,-44.7,169.15,61.0,71,1,5.01,clear sky
582,Meulaboh,ID,2021-04-04 21:34:11,4.1363,96.1285,76.24,88,100,3.78,overcast clouds
583,Port Blair,IN,2021-04-04 21:34:11,11.6667,92.75,79.09,80,17,3.4,few clouds
584,Delijan,IR,2021-04-04 21:34:12,33.9905,50.6838,54.45,18,0,0.49,clear sky
585,Selikhino,RU,2021-04-04 21:34:12,50.3672,137.4996,32.49,53,13,4.09,few clouds
586,Barao De Melgaco,BR,2021-04-04 21:34:12,-16.1944,-55.9675,75.2,88,75,5.75,light rain
587,San Quintin,MX,2021-04-04 21:34:13,30.4833,-115.95,67.39,60,33,18.16,scattered clouds
588,Hailar,CN,2021-04-04 21:34:13,49.2,119.7,35.19,64,98,13.51,overcast clouds
589,Sao Joao Da Barra,BR,2021-04-04 21:34:13,-21.6403,-41.0511,78.8,73,75,13.8,broken clouds
590,Talaya,RU,2021-04-04 21:34:14,61.3833,152.75,-3.8,96,100,3.22,overcast clouds
591,Muncar,ID,2021-04-04 21:34:14,-8.4333,114.3333,75.67,85,100,2.15,overcast clouds
592,Riyadh,SA,2021-04-04 21:32:51,24.6877,46.7219,69.8,18,0,6.91,clear sky
593,Panambi,BR,2021-04-04 21:34:14,-28.2925,-53.5017,86.0,45,0,2.3,clear sky
594,Luanda,AO,2021-04-04 21:32:55,-8.8368,13.2343,78.8,83,20,6.91,few clouds
595,Nyurba,RU,2021-04-04 21:34:15,63.2842,118.3319,-20.11,99,95,2.89,overcast clouds
596,Deputatskiy,RU,2021-04-04 21:34:15,69.3,139.9,-4.18,95,100,2.48,overcast clouds
597,Kindu,CD,2021-04-04 21:34:15,-2.95,25.95,71.26,99,100,2.55,light rain
598,Springbok,ZA,2021-04-04 21:34:16,-29.6643,17.8865,63.32,67,0,1.99,clear sky
599,Lithakia,GR,2021-04-04 21:34:16,37.7167,20.8333,60.8,94,75,4.61,broken clouds
600,Praia Da Vitoria,PT,2021-04-04 21:34:16,38.7333,-27.0667,60.01,94,75,8.63,broken clouds
601,Denpasar,ID,2021-04-04 21:34:17,-8.65,115.2167,78.8,94,40,1.14,scattered clouds
602,Diapaga,BF,2021-04-04 21:34:17,12.0708,1.7889,87.31,9,1,5.82,clear sky
603,Dong Xoai,VN,2021-04-04 21:34:17,11.5333,106.9167,73.6,86,100,3.18,overcast clouds
604,Jining,CN,2021-04-04 21:34:18,35.405,116.5814,42.44,48,28,6.69,scattered clouds
605,Cajaruro,PE,2021-04-04 21:34:18,-5.7364,-78.4256,81.01,71,93,3.76,light rain
606,Kitimat,CA,2021-04-04 21:34:18,54.0524,-128.6534,42.01,68,99,3.0,overcast clouds
607,Kaeo,NZ,2021-04-04 21:34:19,-35.1,173.7833,63.0,87,91,3.71,overcast clouds
608,Loding,NO,2021-04-04 21:34:19,67.3,14.75,28.99,74,20,9.22,few clouds
609,Machiques,VE,2021-04-04 21:34:20,10.0644,-72.545,87.8,53,100,8.41,overcast clouds
610,Havre-Saint-Pierre,CA,2021-04-04 21:34:20,50.2334,-63.5986,39.2,100,90,12.66,mist
611,Banff,CA,2021-04-04 21:34:20,51.1762,-115.5698,42.8,36,69,11.5,broken clouds
612,Oxford,GB,2021-04-04 21:30:00,51.7522,-1.256,48.2,87,0,10.36,clear sky
613,Khani,GE,2021-04-04 21:34:21,41.9563,42.9566,57.2,62,75,11.5,broken clouds
614,Cidreira,BR,2021-04-04 21:34:21,-30.1811,-50.2056,72.79,76,6,18.03,clear sky
615,Touros,BR,2021-04-04 21:34:22,-5.1989,-35.4608,80.6,78,20,10.36,few clouds
616,Iwanai,JP,2021-04-04 21:34:22,42.9744,140.5089,38.21,59,82,5.59,broken clouds
617,Faya,SA,2021-04-04 21:34:22,18.3851,42.4509,64.4,36,0,4.56,clear sky
618,Sonari,IN,2021-04-04 21:34:23,27.0667,95.0333,67.21,40,10,1.9,clear sky
619,Warrington,GB,2021-04-04 21:34:23,53.3925,-2.5802,51.8,76,90,21.85,overcast clouds
620,Kushima,JP,2021-04-04 21:34:23,31.4583,131.2333,60.8,77,75,21.85,broken clouds
621,Mayo,US,2021-04-04 21:34:24,38.8876,-76.5119,69.8,26,1,10.36,clear sky
622,Filadelfia,US,2021-04-04 21:33:03,39.9523,-75.1638,68.0,24,20,12.66,few clouds
623,Bolobo,CD,2021-04-04 21:34:24,-2.1667,16.2333,74.73,90,82,2.89,light rain
624,Vilhena,BR,2021-04-04 21:34:25,-12.7406,-60.1458,78.8,89,0,3.44,moderate rain
625,Ransang,PH,2021-04-04 21:34:25,8.9603,117.5828,76.95,80,87,3.6,overcast clouds
626,Ucluelet,CA,2021-04-04 21:34:25,48.9329,-125.5528,51.8,54,20,12.66,few clouds
627,Bahia Blanca,AR,2021-04-04 21:33:22,-38.7196,-62.2724,76.69,45,1,11.65,clear sky
628,Bintulu,MY,2021-04-04 21:34:26,3.1667,113.0333,75.2,100,20,2.3,few clouds
629,Barcelona,ES,2021-04-04 21:34:26,41.3888,2.159,59.0,67,0,2.3,clear sky
630,Kamyaran,IR,2021-04-04 21:34:26,34.7956,46.9355,46.4,46,0,9.22,clear sky
631,Krapivinskiy,RU,2021-04-04 21:34:27,54.9992,86.8133,30.2,55,0,2.42,clear sky
632,Auki,SB,2021-04-04 21:34:27,-8.7676,160.7034,84.0,70,86,1.92,overcast clouds
633,Dabakala,CI,2021-04-04 21:34:27,8.3667,-4.4333,85.71,49,17,8.46,few clouds
634,Virginia Beach,US,2021-04-04 21:34:27,36.8529,-75.978,75.2,23,20,11.5,few clouds
635,Batemans Bay,AU,2021-04-04 21:34:28,-35.7167,150.1833,66.99,88,92,1.01,overcast clouds
636,Saverne,FR,2021-04-04 21:34:28,48.8333,7.25,44.01,38,1,4.29,clear sky
637,Xai-Xai,MZ,2021-04-04 21:34:29,-25.0519,33.6442,69.94,73,0,4.83,clear sky
638,Son La,VN,2021-04-04 21:34:29,21.3167,103.9,65.88,97,100,0.56,overcast clouds
639,Amahai,ID,2021-04-04 21:34:29,-3.3333,128.9167,78.67,82,96,4.72,overcast clouds
640,Grand Gaube,MU,2021-04-04 21:34:30,-20.0064,57.6608,81.0,77,9,5.01,light rain
641,Orzu,TJ,2021-04-04 21:34:30,37.5593,68.8184,51.8,82,90,4.47,overcast clouds
642,Wenchi,GH,2021-04-04 21:34:30,7.7392,-2.1046,81.27,60,26,7.72,light rain
643,Lerwick,GB,2021-04-04 21:34:30,60.1545,-1.1494,30.2,47,40,35.68,light snow
644,El Mante,MX,2021-04-04 21:30:28,22.7333,-98.9667,84.99,39,62,7.0,broken clouds
645,Itoman,JP,2021-04-04 21:34:31,26.1247,127.6694,66.2,59,75,19.57,broken clouds
646,Nhamunda,BR,2021-04-04 21:34:31,-2.1861,-56.7131,79.72,83,77,3.06,broken clouds
647,Muramatsu,JP,2021-04-04 21:34:32,37.6833,139.1833,46.99,100,75,13.8,broken clouds
648,Nizhniy Kuranakh,RU,2021-04-04 21:34:32,58.8353,125.4869,11.26,93,100,3.6,overcast clouds
649,Sisimiut,GL,2021-04-04 21:34:32,66.9395,-53.6735,26.56,95,100,6.91,snow
650,Flinders,AU,2021-04-04 21:34:33,-34.5833,150.8552,70.0,91,28,1.01,scattered clouds
651,Wiarton,CA,2021-04-04 21:34:33,44.7407,-81.1332,50.0,50,1,3.44,clear sky
652,Unai,BR,2021-04-04 21:34:33,-16.3575,-46.9061,72.84,87,84,2.68,light rain
653,Tommot,RU,2021-04-04 21:34:34,58.9564,126.2925,11.03,93,100,3.0,overcast clouds
654,Bowen,AU,2021-04-04 21:34:34,-20.0167,148.2333,73.4,94,90,3.44,light rain
655,Syumsi,RU,2021-04-04 21:34:34,57.1111,51.6149,26.15,98,40,4.43,scattered clouds
656,Ouadda,CF,2021-04-04 21:34:35,8.0777,22.4007,80.8,15,87,7.85,overcast clouds
657,Muzhi,RU,2021-04-04 21:34:35,65.3667,64.6667,27.45,97,100,5.1,overcast clouds
658,Bose,IT,2021-04-04 21:34:35,45.4612,8.0137,52.0,60,53,2.57,broken clouds
659,Cudahy,US,2021-04-04 21:31:29,33.9606,-118.1853,82.0,43,1,10.18,clear sky
660,Sarahan,IN,2021-04-04 21:34:36,31.5167,77.8,46.83,76,100,4.65,light rain
661,Bunia,CD,2021-04-04 21:34:36,1.5667,30.25,63.97,92,90,4.92,overcast clouds
662,Bogalusa,US,2021-04-04 21:34:37,30.791,-89.8487,78.01,27,1,4.61,clear sky
663,Balkhash,KZ,2021-04-04 21:34:37,46.844,74.9804,40.84,78,100,4.83,moderate rain
664,Marsa Matruh,EG,2021-04-04 21:34:37,31.3525,27.2453,66.2,37,0,8.05,clear sky
665,Jamui,IN,2021-04-04 21:34:38,24.9167,86.2167,72.86,14,0,6.26,clear sky
666,Anito,PH,2021-04-04 21:34:38,12.4497,125.2886,78.22,73,100,7.36,overcast clouds
667,Moose Factory,CA,2021-04-04 21:34:38,51.2585,-80.6094,35.6,75,1,12.66,clear sky
668,Pasighat,IN,2021-04-04 21:34:39,28.0667,95.3333,66.74,47,36,5.5,scattered clouds
669,Poum,NC,2021-04-04 21:34:39,-20.2333,164.0167,79.2,71,88,25.88,overcast clouds
670,Olinda,BR,2021-04-04 21:34:39,-8.0089,-34.8553,80.6,74,40,6.91,scattered clouds
671,Murdochville,CA,2021-04-04 21:34:40,48.9583,-65.5006,28.4,93,100,9.22,light snow
672,Merauke,ID,2021-04-04 21:34:40,-8.4667,140.3333,79.48,85,99,3.89,overcast clouds
673,Cartagena,CO,2021-04-04 21:33:20,10.3997,-75.5144,89.6,58,40,16.11,scattered clouds
674,Jardim,BR,2021-04-04 21:34:40,-21.4803,-56.1381,86.72,33,99,1.77,overcast clouds
675,Morondava,MG,2021-04-04 21:34:41,-20.2833,44.2833,76.73,81,28,8.21,scattered clouds
676,Fort Nelson,CA,2021-04-04 21:34:41,58.8053,-122.7002,46.4,25,20,4.61,few clouds
677,Pitimbu,BR,2021-04-04 21:34:42,-7.4706,-34.8086,80.6,89,40,6.91,scattered clouds
678,Walvis Bay,NA,2021-04-04 21:34:42,-22.9575,14.5053,78.15,45,7,7.63,clear sky
679,Biloela,AU,2021-04-04 21:34:42,-24.4167,150.5,69.67,89,100,13.4,overcast clouds
680,Dong Hoi,VN,2021-04-04 21:34:42,17.4833,106.6,74.46,92,60,5.77,broken clouds
681,Champerico,GT,2021-04-04 21:34:43,14.3,-91.9167,89.6,62,40,9.22,scattered clouds
682,Charters Towers,AU,2021-04-04 21:34:43,-20.1,146.2667,69.91,91,100,15.5,overcast clouds
683,Goderich,CA,2021-04-04 21:30:19,43.7501,-81.7165,44.6,65,20,9.22,few clouds
684,Copiapo,CL,2021-04-04 21:33:39,-27.3667,-70.3333,69.8,52,0,9.22,clear sky
685,Najran,SA,2021-04-04 21:34:44,17.4924,44.1277,69.8,23,57,2.95,dust
686,Aksu,CN,2021-04-04 21:34:44,41.1231,80.2644,45.37,49,97,3.69,overcast clouds
687,Ahvaz,IR,2021-04-04 21:33:20,31.3203,48.6693,66.2,37,0,9.22,clear sky
688,Cabedelo,BR,2021-04-04 21:34:44,-6.9811,-34.8339,80.6,89,40,6.91,scattered clouds
689,Pimenteiras,BR,2021-04-04 21:30:37,-6.2453,-41.4192,78.64,57,69,4.47,broken clouds
690,Vanimo,PG,2021-04-04 21:34:45,-2.6741,141.3028,78.08,89,96,9.66,light rain
691,Nagato,JP,2021-04-04 21:31:11,34.3833,131.2,51.8,76,75,16.11,broken clouds
692,Shelburne,CA,2021-04-04 21:34:45,44.0787,-80.2041,55.4,33,1,9.22,clear sky
693,Coatesville,US,2021-04-04 21:34:46,39.9832,-75.8238,66.2,24,1,17.27,clear sky
694,Brentwood,US,2021-04-04 21:34:46,40.7812,-73.2462,62.6,25,20,14.97,few clouds
695,Leh,IN,2021-04-04 21:34:46,34.1667,77.5833,34.88,87,100,6.87,light snow
696,Pombia,IT,2021-04-04 21:34:47,45.653,8.6336,48.99,61,0,3.44,clear sky
697,Oriximina,BR,2021-04-04 21:34:47,-1.7656,-55.8661,79.25,85,100,3.27,overcast clouds
698,Kajaani,FI,2021-04-04 21:34:47,64.2273,27.7285,39.2,70,90,10.36,light rain
699,Qasigiannguit,GL,2021-04-04 21:34:48,68.8193,-51.1922,21.2,63,75,16.11,broken clouds
700,San Vicente,AR,2021-04-04 21:34:48,-26.6167,-54.1333,71.47,65,100,2.19,overcast clouds
701,Alexandria,EG,2021-04-04 21:34:48,31.2156,29.9553,62.6,59,0,5.75,clear sky
702,Ivanovka,KG,2021-04-04 21:34:49,42.8878,75.085,48.2,93,75,8.95,broken clouds
703,Shupiyan,IN,2021-04-04 21:34:49,33.7167,74.8333,41.56,91,100,1.79,overcast clouds
